Designator,Footprint,Quantity,Value,LCSC Part #
"BT1, BT2",BatteryHolder_Keystone_3000_1x12mm,2,CR1220,
"C1, C10, C11, C12, C13, C14, C15, C16, C17, C18, C19, C2, C28, C29, C30, C31, C33, C34, C38, C41, C43, C44, C48, C5, C6, C7, C9",0805,27,0.1u,
"C20, C40",0805,2,4.7u,
C21,2220,1,10u,
"C22, C23, C42, C47",0805,4,10u,
"C24, C25",0805,2,30p,
C26,0805,1,470p,
"C27, C8",0805,2,1u,
"C3, C4",0805,2,18p,
C32,CP_EIA-3216-18_Kemet-A,1,10u,
"C35, C50",0805,2,9p,
C36,0805,1,6.8n,
C37,0805,1,120n,
C39,0805,1,100n,
"C45, C49",0805,2,0.01u,
C46,0805,1,0.22u,
D1,0805,1,PowerOn,
D10,0805,1,Dashboard,
D11,0805,1,BPS,
D12,0805,1,Heartbeat,
D2,0805,1,RTCC_BattCheck,
D3,0805,1,GPS_BattCheck,
D4,0805,1,GPS_FIX,
D5,SOT-143,1,SP0503BAHTG,
D6,0805,1,RTDArray,
D7,0805,1,MPPT1,
D8,0805,1,MPPT0,
D9,0805,1,Motor,
FB1,0805,1,600,
"H1, H2, H3, H4",MountingHole_3mm,4,M.3,
J1,PinHeader_1x03_P2.54mm_Vertical,1,CAN_LogicAnalyzer,
J10,SMA_Amphenol_132203-12_Horizontal,1,SMAConn,
J11,USB_Micro-B_Molex-105017-0001,1,USB_B_Micro,
J12,Molex_MicroFit3.0_1x4xP3.00mm_PolarizingPeg_Vertical,1,CAN_In,
J13,Molex_MicroFit3.0_1x4xP3.00mm_PolarizingPeg_Vertical,1,CAN_Out,
J2,PinHeader_1x05_P2.54mm_Vertical,1,IMU_LogicAnalyzer,
J3,PinHeader_1x05_P2.54mm_Vertical,1,GPS_LogicAnalyzer,
J5,PinHeader_1x06_P2.54mm_Vertical,1,SDCard_LogicAnalyzer,
J6,PinHeader_1x04_P2.54mm_Vertical,1,SWD,
J7,Molex_MicroFit3.0_1x2xP3.00mm_PolarizingPeg_Vertical,1,PowerConn,
J8,RJ45_Abracon_ARJP11A-MA_Horizontal,1,RJ45_Abracon_ARJP11A-MASA-B-A-EMU2,
J9,microSD_HC_Hirose_DM3AT-SF-PEJM5,1,Micro_SD_Card_Det,
JP1,PinHeader_1x02_P2.54mm_Vertical,1,Termination RES,
"L1, L2",0805,2,2k,
LOGO1,Hallock_Image,1,Dr. Hallock,
LOGO2,UTSVT_Logo_Symbol,1,UTSVT Logo,
"R1, R2",0805,2,4.7k,
"R10, R11, R6, R7, R9",0805,5,33,
"R12, R13, R15, R16, R28, R29, R30, R8",0805,8,10k,
"R14, R5",0805,2,1.5k,
"R17, R19, R20, R21",0805,4,50,
R18,0805,1,12.1k,
"R22, R23, R35",0805,3,120,
"R26, R3",0805,2,550,
"R27, R36, R37, R38, R39, R40, R41",0805,7,750,
R31,0805,1,22.1k,
R32,0805,1,47.5k,
R33,0805,1,1k,
R34,0805,1,0,
R42,0805,1,680,
SW1,SW_SPST_B3SL-1002P,1,Reset,
SW2,SW_SPST_B3SL-1002P,1,RTCC_BattCheck,
SW3,SW_SPST_B3SL-1002P,1,GPS_BattCheck,
TP1,TestPoint_Keystone_5005-5009_Compact,1,+12V_TP,
TP2,TestPoint_Keystone_5005-5009_Compact,1,GNDPWR_TP,
TP3,TestPoint_Keystone_5005-5009_Compact,1,+5V_TP,
TP4,TestPoint_Keystone_5005-5009_Compact,1,GND_TP,
TP5,TestPoint_Keystone_5005-5009_Compact,1,+3.3V_TP,
TP6,TestPoint_Keystone_5005-5009_Compact,1,CAN_H,
TP7,TestPoint_Keystone_5005-5009_Compact,1,CAN_L,
U1,LQFP-144_20x20mm_P0.5mm,1,STM32F429ZITx,
U10,SOIC-20W_7.5x15.4mm_Pitch1.27mm,1,ADM3055E,
U11,SOT-23W,1,CDSOT23-T24CAN,
U2,RI3_DC_Converter,1,RI3-1205S,
U3,SOT-223-3_TabPin2,1,NCP1117-3.3_SOT223,
U4,LAN8742AI-CZ-TR,1,LAN8742A-CZ-TR,
U5,SOT-23-6,1,USBLC6-4SC6,
U7,FGPMMOPA6H,1,MTK3339,
U8,LGA-28_5.2x3.8mm_P0.5mm,1,BNO055,
U9,QFN-24-1EP_4x4mm_P0.5mm_EP2.6x2.6mm,1,CP2102N-A01-GQFN24,
Y1,Crystal_SMD_TXC_7A-2Pin_5x3.2mm,1,8M,
Y2,Crystal_SMD_HC49-SD,1,25M,
Y3,Crystal_SMD_2012-2Pin_2.0x1.2mm,1,32.768k,
